pc1,pc2,courier_id,persona
-2.741145537869315,0.0760435577125417,1,Super Stacker
0.767815042589366,1.2893144514394588,2,Full-time Workhorse
-0.196078997093174,0.4819301348352463,3,Full-time Workhorse
0.6026233808148381,-2.1240873760452836,4,Dinner-Peak Core
-1.7267700175750114,0.0770233628217045,5,Super Stacker
-2.5754671364342268,0.368421753979878,6,Super Stacker
-0.6095891257119758,1.4732469023613373,7,Full-time Workhorse
2.5626547083996245,-0.968309848758384,8,Lunch-Peak Specialist
-1.4828103206225658,-0.7381645061805305,9,Super Stacker
-1.3636355493148906,1.4003882662063984,10,Full-time Workhorse
0.2267265928934884,0.7632201148904375,11,Full-time Workhorse
-1.55217512520048,0.355777717199204,12,Full-time Workhorse
0.958789713870522,1.4109951007298376,13,Full-time Workhorse
5.23943077976617,0.9126362529656188,14,Lunch-Peak Specialist
-0.3836588452413697,-1.7609130809945397,15,Super Stacker
-0.3602883135274975,-0.1115826922690571,16,Super Stacker
-0.5505842002100825,-0.8272665315790115,17,Super Stacker
0.1793557885396281,1.7530077078425557,18,Full-time Workhorse
-1.2312815874459806,1.4400959274485698,19,Full-time Workhorse
4.5167085379452985,-0.2252287053676866,20,Lunch-Peak Specialist
3.399432831395133,0.4355777460795305,21,Lunch-Peak Specialist
-0.6079206455907296,-0.5292464644665887,22,Full-time Workhorse
-1.6204066478637118,1.1122944001549924,23,Super Stacker
0.2478062503054291,0.4136595687284605,24,Full-time Workhorse
-2.5754279492233625,0.4980317247337116,25,Super Stacker
-0.1693920249361379,-1.856424076087823,26,Super Stacker
3.95531751987396,-1.0750229108553444,27,Lunch-Peak Specialist
-1.4946446837762335,1.327813156139328,28,Full-time Workhorse
-0.1861414634644784,2.2061916655876694,29,Full-time Workhorse
-0.3830027324418062,0.2034363314857878,30,Super Stacker
5.733080500844156,1.871853933016528,31,Lunch-Peak Specialist
-1.8502822439152369,-2.5136927012130195,32,Super Stacker
1.1276210090252663,-2.137738640863962,33,Dinner-Peak Core
-1.5199967430968069,0.6230913273423642,34,Super Stacker
-2.2214002867339873,-0.0683801519256454,35,Super Stacker
5.423204828644608,1.6887138084346798,36,Lunch-Peak Specialist
-1.5512846265495723,-0.1130878959296017,37,Super Stacker
5.475007988420412,2.870166906082766,38,Lunch-Peak Specialist
-0.2027052753829008,0.6172674759410429,39,Full-time Workhorse
-3.094531294829044,-2.015142558785084,40,Super Stacker
-2.1396209621434386,-1.358514721192978,41,Super Stacker
4.579539981657317,-0.6246818124484966,42,Lunch-Peak Specialist
-2.7323951840324434,1.033569287791969,43,Super Stacker
-1.1727087937872291,1.6330056762259355,44,Full-time Workhorse
-2.4804252736007806,-1.4909010562549283,45,Super Stacker
-0.4783062316947297,1.0157946435245864,46,Full-time Workhorse
-1.156061855047097,1.9581540182212216,47,Full-time Workhorse
-0.7324735788892961,1.200375561212448,48,Full-time Workhorse
0.2816229709236012,-0.597342196907579,49,Super Stacker
0.9216679334650044,-4.038861746599076,50,Dinner-Peak Core
-1.7085583213521258,1.253465681205064,51,Full-time Workhorse
-1.1702912924164088,0.9622158999668688,52,Full-time Workhorse
-1.2615274583642948,-0.3881608986100726,53,Super Stacker
0.685480653294478,-0.4655006981433745,54,Full-time Workhorse
0.4441606940657457,-3.500266610214621,55,Dinner-Peak Core
-1.1226768304163055,0.1747892113233509,56,Super Stacker
-0.4344763651059337,0.4695200896600634,57,Full-time Workhorse
-1.607094120368921,1.1943718511742614,58,Full-time Workhorse
-1.9917041199401544,-1.1173957913920078,59,Super Stacker
-1.3935616983477763,0.4909455018199609,60,Super Stacker
-2.5609230019577653,0.0137035294716633,61,Super Stacker
0.4477526131787921,0.4672596041008244,62,Full-time Workhorse
0.4786602030913797,1.7113590864188355,63,Full-time Workhorse
0.9310646786392254,1.8450063946219344,64,Full-time Workhorse
1.5304764367070378,2.338115361945639,65,Full-time Workhorse
0.4533761888761706,-2.679120127474298,66,Dinner-Peak Core
1.1536328831658496,-2.62962655881223,67,Dinner-Peak Core
2.145081069127976,-0.5642423355573466,68,Lunch-Peak Specialist
1.5820724262392056,2.451359509048317,69,Full-time Workhorse
0.2219061921445972,-1.9821716350192344,70,Dinner-Peak Core
-1.7238880815623427,-0.6798567603613209,71,Super Stacker
-1.2317751154287009,0.7674773274966242,72,Full-time Workhorse
-1.6034784458068114,1.1628070279229628,73,Super Stacker
0.0915173582659207,-0.5081014805074621,74,Dinner-Peak Core
-1.0080961702392848,-2.7533183873551623,75,Dinner-Peak Core
-1.3305527038092786,1.661717152281429,76,Full-time Workhorse
-2.81924304021707,-1.0466048407054993,77,Super Stacker
-3.1762490294609034,-0.6670410857784692,78,Super Stacker
3.696836342136573,0.2800992207368155,79,Lunch-Peak Specialist
-0.3817463841288775,-0.928816109173791,80,Super Stacker
0.3290136088490625,0.4964898731303029,81,Full-time Workhorse
-0.2999265557780028,-0.054699231203494,82,Super Stacker
1.311275040268086,-2.584763229943724,83,Dinner-Peak Core
-1.199679838208204,0.7431105431948908,84,Full-time Workhorse
-1.4343128184873848,0.4677552902453586,85,Super Stacker
-2.6616422727823186,-0.1671963730125404,86,Super Stacker
-0.9740431148877292,0.6483300281936241,87,Super Stacker
-0.5548756202123906,-0.3260721101370897,88,Dinner-Peak Core
-2.086588335576931,0.8429968513815167,89,Super Stacker
-1.1633213218046423,1.7072790392136452,90,Full-time Workhorse
-0.491454470105193,1.8398833677837705,91,Full-time Workhorse
0.7552725402232242,2.0670998199221366,92,Full-time Workhorse
0.036817765784438,2.3606027658888116,93,Full-time Workhorse
-1.550151280042395,0.3282255496996915,94,Super Stacker
5.685167723745479,-1.1712072746267386,95,Lunch-Peak Specialist
-0.8823608034981615,0.7121321371419288,96,Full-time Workhorse
0.3863671328253535,2.464176215120536,97,Full-time Workhorse
-2.3298961305820116,1.0869426251396317,98,Super Stacker
-2.0669255995335387,0.6322857093363853,99,Super Stacker
0.6940284598718302,-4.800637790433341,100,Dinner-Peak Core
1.5430685525408363,-3.8587373736784936,101,Dinner-Peak Core
0.7820732672891559,1.170214161328046,102,Full-time Workhorse
-2.0909032984679143,0.8892244019471116,103,Super Stacker
2.241018529087721,0.5827117385602969,104,Lunch-Peak Specialist
1.025320888491532,1.3477373597803144,105,Full-time Workhorse
-1.6259678774276294,0.7961362040058115,106,Super Stacker
-1.160291878953336,-0.3075890379042836,107,Super Stacker
2.504530531789767,0.9096884909345416,108,Lunch-Peak Specialist
-1.899028976461616,1.043001664778408,109,Super Stacker
-1.3760630926139878,-1.732022415429617,110,Dinner-Peak Core
-1.1982097754847485,0.6684876508929054,111,Full-time Workhorse
-1.7275776235649,-0.5832468729321533,112,Super Stacker
-1.725272567256822,-0.4954722399881208,113,Super Stacker
1.6978367125005918,0.4892515777850555,114,Full-time Workhorse
-3.513642536559209,0.6588091989948448,115,Super Stacker
-1.1763251819457108,-0.080401374081739,116,Super Stacker
-1.7660156747953526,-0.7406286452278404,117,Super Stacker
2.05594159977482,-2.637890635390805,118,Dinner-Peak Core
-1.156997015522362,0.0649167308066343,119,Super Stacker
0.325292939799434,-1.1047057010899877,120,Dinner-Peak Core
-0.0413109039045624,0.3892342286034972,121,Full-time Workhorse
-2.0234181501415103,1.230150570525886,122,Super Stacker
-1.8580401761530896,-3.4897008698895498,123,Dinner-Peak Core
-2.697355572964427,1.428459866150392,124,Super Stacker
-0.3778291447430614,-0.0718798813350149,125,Full-time Workhorse
0.7418867406088211,0.5027230061314147,126,Full-time Workhorse
2.0082065015964923,0.5700597849488156,127,Lunch-Peak Specialist
-2.7136114615007347,0.674916262801861,128,Super Stacker
-0.9391970537051096,-0.7466965863804991,129,Super Stacker
-1.9703263550352088,-0.0001606510621065,130,Super Stacker
-1.1852482000354665,0.6668245990316292,131,Full-time Workhorse
0.1979712380133953,0.6362175714919721,132,Full-time Workhorse
1.0332003709233737,-1.0992885992965609,133,Dinner-Peak Core
0.980583121066748,-1.7460451943624682,134,Dinner-Peak Core
-1.14811975895827,-0.7037161643413349,135,Super Stacker
3.5537250930581155,0.9057964449675402,136,Lunch-Peak Specialist
-0.865162477754659,-1.178570595252875,137,Dinner-Peak Core
1.14501232393012,-1.2309003527324285,138,Lunch-Peak Specialist
2.811402203581209,0.8584945288181092,139,Lunch-Peak Specialist
4.081216534400056,-0.3497175948493177,140,Lunch-Peak Specialist
-1.270990426432832,0.8207477394534133,141,Full-time Workhorse
1.4432858175675585,1.4779366008451182,142,Full-time Workhorse
-0.597390880261964,-2.942477969594502,143,Dinner-Peak Core
-2.2520025380932864,-1.7853098527862823,144,Super Stacker
3.551292359752528,-0.7081362196558433,145,Lunch-Peak Specialist
-2.206932950367041,-1.2010509997656482,146,Super Stacker
-0.845423231321432,0.5259487310553334,147,Full-time Workhorse
-0.3143236362909421,0.037169578414045,148,Full-time Workhorse
2.6034591430422367,-1.7495498630117128,149,Lunch-Peak Specialist
2.645060186011862,-4.355511239681289,150,Dinner-Peak Core
0.3357448245042711,-2.5785726559778466,151,Dinner-Peak Core
-1.2242926512015704,0.2800776169920385,152,Super Stacker
-3.161180050627618,0.2779995252714645,153,Super Stacker
0.0543305579716349,-0.2908644532848871,154,Full-time Workhorse
-1.990522346130403,0.9160495374336582,155,Full-time Workhorse
-1.7447080253061202,1.0431236985152346,156,Full-time Workhorse
0.4982888720522653,1.3212007721744057,157,Full-time Workhorse
-2.1152896448650957,-0.3087502050319425,158,Super Stacker
-1.2999069768007805,0.0288786752516714,159,Full-time Workhorse
-0.7454086683817986,-0.1819305405627398,160,Full-time Workhorse
-2.549735990509798,0.1527070558737296,161,Super Stacker
-0.3114269324059617,-0.7887584215971033,162,Super Stacker
2.216611379734495,1.5198415791089943,163,Lunch-Peak Specialist
-2.0994359141081387,-0.5720114260739864,164,Super Stacker
1.2152217032408097,1.7642109417637244,165,Full-time Workhorse
7.945160487288131,1.5262784697037102,166,Lunch-Peak Specialist
0.1851494929753241,0.7879943324696554,167,Full-time Workhorse
2.1903528541168025,-0.1436377636992369,168,Lunch-Peak Specialist
2.814723946440438,0.4014084193423499,169,Lunch-Peak Specialist
0.1742933816347192,0.0314866239898887,170,Full-time Workhorse
2.9694461330956834,0.5987663214629846,171,Lunch-Peak Specialist
-1.4713960953305305,-0.3045669706136113,172,Super Stacker
6.155099632310476,0.7021521368265256,173,Lunch-Peak Specialist
-0.438244180035068,-0.7462627421281608,174,Super Stacker
1.071309251297209,0.2129564286412974,175,Full-time Workhorse
-0.1336212676083821,-1.0680479031265426,176,Dinner-Peak Core
-0.1462293122744661,0.2045180008018515,177,Full-time Workhorse
-0.7441824671400095,0.4060684561453003,178,Super Stacker
-2.50783212308347,0.4256347324217747,179,Super Stacker
-1.7768473917560077,-1.1452093885706094,180,Super Stacker
-0.376209583119293,1.2680005271699069,181,Full-time Workhorse
-1.1914579087570945,1.457285255175991,182,Full-time Workhorse
-2.147063280481725,1.4249257049838369,183,Super Stacker
0.941231073215313,-1.7402268925900064,184,Dinner-Peak Core
-2.025904442893753,0.2678750582649047,185,Super Stacker
-1.1997805679722735,-3.8632159325831386,186,Dinner-Peak Core
-0.6711826365010422,-0.5675500001311522,187,Super Stacker
-0.705213225010534,-0.0437327397924187,188,Super Stacker
3.368858513504051,1.531153075300668,189,Lunch-Peak Specialist
-0.4857690299288533,-0.1962867686763727,190,Super Stacker
-2.7281815786410126,-0.2893107357476507,191,Super Stacker
0.5187191081691673,-1.7113192971974291,192,Dinner-Peak Core
1.3766075544957843,-0.3611901227174932,193,Lunch-Peak Specialist
-1.1029393617076493,1.1316370542770944,194,Full-time Workhorse
-3.7674795185336087,-1.2631677825299132,195,Super Stacker
-0.135413110561643,0.0093473035732684,196,Full-time Workhorse
0.876307621865054,1.520969165667531,197,Full-time Workhorse
-1.8329274473502404,-0.9101732567145632,198,Super Stacker
1.4020827179195252,0.8599635769532334,199,Full-time Workhorse
-0.0118757130561221,-0.8820737752544533,200,Dinner-Peak Core
2.5157425591002194,-2.6557243689495884,201,Dinner-Peak Core
-0.0975649852015322,0.912735796341976,202,Full-time Workhorse
2.633154604166609,-2.9496793266250334,203,Dinner-Peak Core
-0.2490007840526193,1.711336053991497,204,Full-time Workhorse
-3.304635147524569,-1.2248408062014915,205,Super Stacker
0.7762891389805433,1.961070414088793,206,Full-time Workhorse
4.467410121036645,-0.3168804922750122,207,Lunch-Peak Specialist
5.302711358927902,1.3417508138350094,208,Lunch-Peak Specialist
-1.4198703243864577,1.6214182700843969,209,Full-time Workhorse
-0.9573093176549208,-0.355236877865663,210,Full-time Workhorse
-0.8193723644104272,1.3276558535001863,211,Full-time Workhorse
-0.4536326829580649,-0.6880267013573674,212,Full-time Workhorse
-1.4180910204759165,1.442528636218101,213,Full-time Workhorse
-2.4734064211680376,-0.0112643396270032,214,Super Stacker
1.1440516215115304,2.391891663568821,215,Full-time Workhorse
-0.2480095980933049,1.506003493940231,216,Full-time Workhorse
1.51801951270488,-0.0585374940128253,217,Lunch-Peak Specialist
-1.3698070297909464,2.025364449233116,218,Full-time Workhorse
-3.2936451282401813,1.1680844408563753,219,Super Stacker
1.929437817343444,-1.8920882142086437,220,Lunch-Peak Specialist
-2.244492741825504,1.1624550424259026,221,Super Stacker
-0.8145112844086855,-0.2243603828098234,222,Full-time Workhorse
5.71108067083247,0.0365549514889004,223,Lunch-Peak Specialist
1.3302823734390228,-1.6690754064119648,224,Lunch-Peak Specialist
-1.9977249163116917,0.6651605921976088,225,Super Stacker
-1.6893846795979288,-2.939631068805411,226,Dinner-Peak Core
5.8924582092967865,-0.5244249137720419,227,Lunch-Peak Specialist
3.3890483262087003,0.4844886747717717,228,Lunch-Peak Specialist
2.7070895646243316,2.286584927791772,229,Lunch-Peak Specialist
-0.5485080691561893,-0.5300067044014695,230,Dinner-Peak Core
0.5239199143643941,-1.2278398063607157,231,Dinner-Peak Core
-1.9454880726144592,2.278079935968881,232,Full-time Workhorse
-0.7307717273171611,1.140265278913838,233,Full-time Workhorse
-0.4136522908917476,1.1808555273333563,234,Full-time Workhorse
0.758678301208767,1.6850071519940608,235,Full-time Workhorse
-2.262258222185442,0.5319027168740322,236,Super Stacker
1.5684635947969852,-1.8801826306604283,237,Dinner-Peak Core
0.2752191863883176,0.6049655034385198,238,Full-time Workhorse
-1.597425124551462,-0.8927359566614549,239,Super Stacker
-3.1173617920868075,-1.8399101782786913,240,Super Stacker
-0.0441713493293513,0.0608171205709175,241,Full-time Workhorse
-2.7748205216431954,-1.7400139680828803,242,Super Stacker
-1.0625981684844892,0.4893626895769262,243,Super Stacker
-1.5161568537840988,-0.3217169032520406,244,Super Stacker
-0.2414916617473002,1.2764501095945917,245,Full-time Workhorse
-0.3289379446175321,1.2262834678722982,246,Full-time Workhorse
-1.470522525504487,1.2315794768283763,247,Full-time Workhorse
2.826257647430008,-0.9401284562309724,248,Lunch-Peak Specialist
2.8874938158093224,-1.4733884808358853,249,Lunch-Peak Specialist
0.0878818775420187,0.4476324849754444,250,Full-time Workhorse
0.4245676318849811,0.0245522901201912,251,Full-time Workhorse
-0.6013490169752993,-0.0699689207972676,252,Super Stacker
-3.8197878251510424,-1.4945642347265642,253,Super Stacker
2.389463602938524,0.2326879788822966,254,Lunch-Peak Specialist
0.5849914586895327,-0.5514349303054598,255,Dinner-Peak Core
0.694825534496138,-3.5596759271937253,256,Dinner-Peak Core
-0.6928620717760572,-3.0358834460683872,257,Dinner-Peak Core
0.4968139425322297,-0.0797857651584717,258,Full-time Workhorse
1.9233462140914064,-0.7250585132098,259,Dinner-Peak Core
7.833446296469694,2.802632551618916,260,Lunch-Peak Specialist
3.6029012402201217,-0.1281175182287911,261,Lunch-Peak Specialist
-0.3256411270741831,-0.7903222167632346,262,Super Stacker
-1.555432449976844,0.7314577611876032,263,Super Stacker
2.425979449409544,-4.169299577676768,264,Dinner-Peak Core
0.3848361185330761,-1.6458320338958652,266,Dinner-Peak Core
-1.4904943519589275,1.280349865775602,267,Full-time Workhorse
-0.9346691095623832,0.6962802270247123,268,Full-time Workhorse
3.4152516448265504,0.4813641400443855,269,Lunch-Peak Specialist
1.3863596599208268,-1.143670814148405,270,Lunch-Peak Specialist
7.204150974312827,1.92373749141154,271,Lunch-Peak Specialist
0.4543020200137521,1.0368826626508374,272,Full-time Workhorse
1.0020990203898714,0.5940135317934289,273,Full-time Workhorse
2.181302463473451,-0.043363883846513,274,Lunch-Peak Specialist
1.0819092214559107,-3.2008189705084225,275,Dinner-Peak Core
1.3638425692640093,-0.632230877558673,276,Full-time Workhorse
5.369868850868429,1.958931122951881,277,Lunch-Peak Specialist
2.755450739100494,0.3094834772758019,278,Lunch-Peak Specialist
0.6726505050726977,-0.5577653973384525,279,Dinner-Peak Core
2.829677773038834,-2.187715512256476,280,Lunch-Peak Specialist
-1.5727420165004422,0.3902681052900323,281,Super Stacker
3.0526933310380153,-2.271899091343005,282,Lunch-Peak Specialist
-0.9656101265157274,-0.1183139445114298,283,Super Stacker
-0.8828030338730176,-0.5568174129814022,284,Super Stacker
-0.2082687884423973,0.6929115768420737,285,Full-time Workhorse
-2.547174382332135,-0.070428757867025,286,Super Stacker
0.1409250821921588,1.2474021587079889,287,Full-time Workhorse
-1.4677951023923552,-1.204349985522031,288,Super Stacker
4.8412786851439105,-0.8012711244394115,289,Lunch-Peak Specialist
2.6627594267950605,-2.995970494521901,290,Dinner-Peak Core
-1.0700640139695057,1.4490611674860971,291,Full-time Workhorse
-1.811682029861258,0.1316684752229938,292,Super Stacker
0.7045372272270036,-1.3163437531101083,293,Dinner-Peak Core
-2.6044955194358583,0.6145990474759851,294,Super Stacker
-0.2394894617207767,0.6774230963674511,295,Full-time Workhorse
-3.266235645301869,0.5588920929155714,296,Super Stacker
-0.5989532935644067,0.1517495073671502,297,Super Stacker
-2.291106151165633,1.1103664397980175,298,Super Stacker
-1.0172396295925326,-0.8742401086823953,299,Super Stacker
0.4464511147447791,-1.8656796040137529,300,Dinner-Peak Core
-0.169075403045377,2.1274735665182054,301,Full-time Workhorse
4.150877893535187,-0.0211137730586443,302,Lunch-Peak Specialist
-1.2401258870750904,0.6669530084585773,303,Full-time Workhorse
-1.6880256712092316,-0.2113746528569826,304,Super Stacker
3.468158666666256,-0.1635288252827448,305,Lunch-Peak Specialist
-2.408020510052446,-0.0915975331713009,306,Super Stacker
-3.9246344509250632,-0.994743915161735,307,Super Stacker
2.67009462175697,1.129076073998465,308,Lunch-Peak Specialist
4.443068229829789,-3.940532013989804,309,Dinner-Peak Core
0.5980460915194271,-2.7124442804573463,310,Dinner-Peak Core
1.9102415443175584,-0.2953857901482544,311,Lunch-Peak Specialist
2.1285858399879447,-0.6920475992028934,312,Lunch-Peak Specialist
0.0690631703756627,0.309953903432152,313,Full-time Workhorse
-0.0069411838041788,0.8030775497083598,314,Full-time Workhorse
0.2491053044418113,0.7299375807655828,315,Full-time Workhorse
-2.83010893022811,-1.2851868998644873,316,Super Stacker
-0.4702158669763337,-1.1864133831268653,317,Super Stacker
2.937528196635448,-2.367698187979464,318,Dinner-Peak Core
4.814848952581408,-2.0845125152646227,319,Lunch-Peak Specialist
3.4721300801521076,0.7097611419315288,320,Lunch-Peak Specialist
2.1487905003110432,1.7920584015046277,321,Full-time Workhorse
-2.350960891919593,-0.6030246613434207,322,Super Stacker
-1.8767353284448185,0.2927633450440884,323,Super Stacker
1.2113693352258013,-1.6667143555360564,324,Dinner-Peak Core
-0.0650144600707082,-1.9084828705504044,325,Dinner-Peak Core
-0.4635126092073376,0.7738494391837931,326,Super Stacker
5.079414692031117,0.909200449500434,327,Lunch-Peak Specialist
-1.3889491694753222,1.3072185639696128,328,Full-time Workhorse
-0.9563410771397624,-5.32665001329115,329,Dinner-Peak Core
-0.6817141432153349,1.007209063048075,330,Super Stacker
-2.1671650792563137,1.511237648048417,331,Super Stacker
-0.1192329908101579,1.5201539959810872,332,Full-time Workhorse
-2.19528191850639,2.2740011658744343,333,Full-time Workhorse
-0.2241407491403682,-1.6082428295984998,334,Super Stacker
-1.2512851433496155,-4.938954672393522,335,Dinner-Peak Core
-0.9052003227101392,0.351188854656229,336,Super Stacker
-2.84615492473725,-3.089092574839602,337,Dinner-Peak Core
0.4236860690028142,-1.6250550363394844,338,Dinner-Peak Core
-0.1946619461691325,-1.2952163342348684,339,Dinner-Peak Core
-0.7713018383935076,1.530701977216144,340,Full-time Workhorse
2.956246738107403,-3.853840264600296,341,Dinner-Peak Core
0.1684915981407097,-0.9736897024227302,342,Super Stacker
3.9870885999152894,-0.3797079068602177,343,Lunch-Peak Specialist
0.3743122562613595,-0.730237281104604,344,Dinner-Peak Core
-0.1381464930377238,-0.8059734602740799,345,Full-time Workhorse
-2.103253081466345,-0.8963078212640947,346,Super Stacker
1.545435893180409,-0.7652719648470598,347,Dinner-Peak Core
-0.3830732813283341,0.1842057330070268,348,Full-time Workhorse
2.505337569170325,-0.113788719172753,349,Lunch-Peak Specialist
-0.7394482798495549,0.8902377527978209,350,Full-time Workhorse
-2.2348658763745073,-2.1334900445705283,351,Super Stacker
-1.3138360167147871,1.0679826351619237,352,Full-time Workhorse
-0.371232033675925,1.4305350333426592,353,Full-time Workhorse
-0.4434487742952087,2.4708393726164513,354,Full-time Workhorse
-0.8565949079678731,1.1134779278611966,355,Full-time Workhorse
-1.3337991004158647,0.2748817086483479,356,Super Stacker
1.3147473322433942,0.0222476667394449,357,Full-time Workhorse
0.9673368591988224,-1.440901831169543,358,Dinner-Peak Core
1.411910019936169,-1.680840304813751,359,Lunch-Peak Specialist
0.0565094656928692,0.8714022357591167,360,Full-time Workhorse
0.8311727096197189,2.5007532925118667,361,Full-time Workhorse
-0.0998127866684098,2.147705217757575,362,Full-time Workhorse
2.146976954727197,-0.1208709732055547,363,Lunch-Peak Specialist
-0.646494753199244,-0.916147422924526,364,Super Stacker
-0.0218693225392692,1.2132514501249134,365,Full-time Workhorse
-0.1888455811525943,-3.618203174538627,366,Dinner-Peak Core
-0.3455654714021721,1.6508403601318755,367,Full-time Workhorse
1.2531450307130938,1.338993851841288,368,Full-time Workhorse
-1.996133593774368,0.1310942152023308,369,Super Stacker
-1.6317686841889285,2.118175338829639,370,Full-time Workhorse
0.2256215681799926,0.6058957992293397,371,Full-time Workhorse
-0.1492444820304233,0.88216228996612,372,Full-time Workhorse
-2.503178427333576,-2.805874276863063,373,Super Stacker
2.113962938663617,0.9720590272235304,374,Lunch-Peak Specialist
-1.2140956921300914,0.5284370821102526,375,Full-time Workhorse
0.5622944204430559,-1.3209996679605158,376,Dinner-Peak Core
0.8075160411295034,-1.171397266966406,377,Super Stacker
-3.284994374377984,-0.4078561932633701,378,Super Stacker
-1.746831093401322,-0.6345162064740877,379,Super Stacker
3.6218304077259775,1.738496469999404,380,Lunch-Peak Specialist
3.880478470411091,-1.5959956783836664,381,Lunch-Peak Specialist
1.099077169364103,-0.188357160123828,382,Full-time Workhorse
0.5163650321001864,0.1601653247431411,383,Full-time Workhorse
-1.1473263487180123,0.6713887467722487,384,Full-time Workhorse
-0.6393922648827814,-0.8262426983400926,385,Super Stacker
-1.709659844453191,1.6544239649340031,386,Full-time Workhorse
0.9001410587443356,3.413931711030896,387,Full-time Workhorse
0.7350317154336927,1.2151298900822771,388,Full-time Workhorse
2.019477207610527,3.1323200034047867,389,Full-time Workhorse
0.2975114723157481,2.0661232929051305,390,Full-time Workhorse
1.8833815268899228,1.696830480305701,391,Full-time Workhorse
-0.954478559999189,1.1142139385955674,392,Super Stacker
-2.1274780712639747,-0.2738500526048298,393,Super Stacker
-0.3628551217290915,0.0697681202882044,394,Full-time Workhorse
3.296846506069202,-1.274065108921481,395,Dinner-Peak Core
-0.3681307071016405,-2.0521902148674767,396,Dinner-Peak Core
-1.9409746072909349,-0.0273460253235149,397,Super Stacker
-0.503239174860352,-4.454051620625821,398,Dinner-Peak Core
-1.135108929713952,0.1905966852571817,399,Super Stacker
-0.963757089218897,-1.3427134993119163,400,Super Stacker
1.160673894187814,-0.5599547482087441,401,Full-time Workhorse
0.1922400181234475,1.488052801131355,402,Full-time Workhorse
1.1946366718914505,0.5947310905776281,403,Full-time Workhorse
1.5618042789010218,0.0144890637393553,404,Lunch-Peak Specialist
-1.6862971535441569,-0.8141927837301788,405,Super Stacker
-2.357609470233326,-1.118204080506334,406,Super Stacker
-2.352300526977568,0.3850649014046197,407,Super Stacker
0.5518868965137631,-1.9981835802322208,408,Super Stacker
0.4994219523971022,0.2113835920018712,409,Full-time Workhorse
0.793853021694161,-1.6506874746804852,410,Dinner-Peak Core
-0.127871341924405,-1.0334528020442866,411,Super Stacker
5.728816204302345,0.9709093739743352,412,Lunch-Peak Specialist
-1.1053907886822736,0.009270653667736,413,Full-time Workhorse
-1.354407881786418,1.809664607149124,414,Full-time Workhorse
-1.4491567649955397,0.932987679820071,415,Full-time Workhorse
2.429219711377897,-0.8141014242531402,416,Dinner-Peak Core
-0.818833600809641,0.9939426576776292,417,Full-time Workhorse
-2.735450009410657,-0.814963030036272,418,Super Stacker
-2.5818996009213717,0.312384657524511,419,Super Stacker
3.207965439529457,-1.977649353978029,420,Lunch-Peak Specialist
2.5201346754517227,0.2884832150960697,421,Lunch-Peak Specialist
-2.5367050840031524,-0.5927114628905912,422,Super Stacker
-0.035807757290952,0.6387456940124718,423,Full-time Workhorse
0.2415449135003533,1.5022516443130765,424,Full-time Workhorse
-0.2865546732421508,0.6102134339579444,425,Full-time Workhorse
0.3991139403660849,-1.7528020274345326,426,Dinner-Peak Core
-0.0872562307283796,0.8571317276042772,427,Full-time Workhorse
-1.239445734214875,-0.8237349849859139,428,Super Stacker
0.0256684624563937,2.033748122083029,429,Full-time Workhorse
-1.4437889490684517,1.8520146472664976,430,Full-time Workhorse
0.2134879007397921,-0.9934100481340894,431,Dinner-Peak Core
-1.4931841912266557,-0.1546093696308071,432,Super Stacker
0.5913201516500449,-0.5889759616872352,433,Full-time Workhorse
0.6960086066706036,-1.4675580440503984,434,Dinner-Peak Core
0.5950797866371793,0.182177371941012,435,Full-time Workhorse
0.6523088574573837,-1.641947025780589,436,Dinner-Peak Core
1.8309144683962824,1.344620790343008,437,Full-time Workhorse
-0.2463986500124969,0.3319165836554047,438,Full-time Workhorse
-2.21967162384519,0.2974846494422907,439,Super Stacker
-0.4993421103925147,-0.2102466789896311,440,Full-time Workhorse
0.802114099628077,2.249015175591308,441,Full-time Workhorse
2.2365909062044884,-2.8979470124508375,442,Dinner-Peak Core
-1.1493089950779258,-2.937232407285974,443,Dinner-Peak Core
0.5937566748376597,2.130879502994705,444,Full-time Workhorse
-1.0966679096596594,-1.741537467592712,445,Super Stacker
-1.2750045520918578,0.655931213297675,446,Full-time Workhorse
1.126785983925376,-3.660845478669784,447,Dinner-Peak Core
-2.2170892659323074,0.795378411007756,448,Super Stacker
-2.6229927219662543,0.1334081768627796,449,Super Stacker
-1.4536207792699565,0.4333236512085886,450,Full-time Workhorse
-2.6538001648414324,-0.0156910716927312,451,Super Stacker
-1.3427810011739714,0.2447271203140173,452,Full-time Workhorse
-0.9022720852300352,0.8954240478445301,453,Full-time Workhorse
-2.760344738636826,0.0001056014452875,454,Super Stacker
-3.61748107989643,0.335258760337752,455,Super Stacker
-1.0315635056240398,-1.7983107130983138,456,Dinner-Peak Core
-1.6216210848950237,0.5397530691178211,457,Super Stacker
-0.321481726408492,0.0751542759542237,458,Full-time Workhorse
-0.4277116938594867,-0.5452307439225311,459,Full-time Workhorse
4.326875065961965,0.2789153952569607,460,Lunch-Peak Specialist
4.003685822675877,0.1382433712864313,461,Lunch-Peak Specialist
0.5591956476266025,0.728211774274727,462,Full-time Workhorse
0.8227392677007698,1.2270622243409173,463,Full-time Workhorse
-0.3086613024591239,0.0169368579645804,464,Full-time Workhorse
-0.0481529613948085,1.2822207752018209,465,Full-time Workhorse
-1.1899752245142237,1.5030538790904011,466,Full-time Workhorse
-2.104498041516924,0.0212786427855053,467,Super Stacker
1.4053972613448844,2.035507191035347,468,Full-time Workhorse
4.0048351553182675,-2.0718647530266967,469,Lunch-Peak Specialist
-1.5171811165329927,-1.0372496609352515,470,Super Stacker
-1.7171702884137583,-0.874388203892092,471,Super Stacker
0.2680857011743281,1.5266264837199388,472,Full-time Workhorse
2.3244306277713895,-0.5196260497468286,473,Lunch-Peak Specialist
-1.2015835956178431,0.5349192318243635,474,Full-time Workhorse
-1.5911754895224552,1.1027028162393524,475,Full-time Workhorse
-1.4504416199509018,1.3214300464856856,476,Full-time Workhorse
-1.8815171100314352,0.0503384543105387,477,Super Stacker
1.0056572573847018,1.5978649544692098,478,Full-time Workhorse
-1.655121465895076,-1.675519055773485,479,Super Stacker
-2.0267161727601772,-2.0559816445127077,480,Super Stacker
0.3004006538117418,2.3074187426206714,481,Full-time Workhorse
-0.3917000696710956,0.339107973946763,482,Full-time Workhorse
-0.4382585385486873,1.3036889269110865,483,Full-time Workhorse
-0.9264259529387684,-0.5001175299769588,484,Super Stacker
0.1704390305661728,-0.350153332540348,485,Super Stacker
3.0808699908429142,-1.3935617333033994,486,Lunch-Peak Specialist
4.9144572104209105,-1.030397858131528,487,Lunch-Peak Specialist
-0.9348987515190176,1.9153579813635015,488,Full-time Workhorse
0.7191221747071508,0.858878712337487,489,Full-time Workhorse
-0.4129801701880623,0.7547408732203209,490,Full-time Workhorse
-1.6536466787227286,1.087409117998256,491,Full-time Workhorse
-1.255923885413605,0.3691979983210666,492,Full-time Workhorse
0.9196087018925984,1.732652607919396,493,Full-time Workhorse
-1.4644448703316553,-0.9237813014893316,494,Super Stacker
-1.0094783013056192,-0.2073126148098275,495,Super Stacker
0.3913092794620027,2.20966880831808,496,Full-time Workhorse
3.9639335131351663,-1.3473797882680514,497,Lunch-Peak Specialist
-1.801254864160902,-0.4705879465993689,498,Super Stacker
-1.0359061171234725,1.6695411742892554,499,Full-time Workhorse
-2.1951818148329862,-1.804784433507141,500,Super Stacker
2.3539290196642573,-1.664371272743345,501,Lunch-Peak Specialist
1.5402146574112274,-0.9599789869830642,502,Lunch-Peak Specialist
-0.3600113909310333,-1.8023725986571064,503,Dinner-Peak Core
0.9486471611500698,0.3054855479059152,504,Full-time Workhorse
-3.7058823409510167,0.155208563271839,505,Super Stacker
-0.7824822984201381,-3.82417205439754,506,Dinner-Peak Core
-0.1050561041395367,1.110002952231928,507,Full-time Workhorse
-2.480155758116099,1.0366731966967455,508,Super Stacker
1.5914101195720889,-0.1229386111538249,509,Lunch-Peak Specialist
-3.269760935450802,0.9934927481995092,510,Super Stacker
-3.2403788608579585,0.2436166522543684,511,Super Stacker
3.6017244860048474,-1.3692519386241462,512,Lunch-Peak Specialist
0.9282060981274238,0.3861295595811781,513,Full-time Workhorse
-1.271191469787439,1.3967793091922365,514,Full-time Workhorse
-1.37733000850482,2.154979240130068,515,Full-time Workhorse
-0.138996406067065,-0.0550832075027699,516,Full-time Workhorse
1.093932308194534,-0.6089246074707486,517,Full-time Workhorse
-0.9599555241337208,1.1584226784393146,518,Full-time Workhorse
1.2911572329591965,2.264481259904632,519,Full-time Workhorse
-1.9791166604431385,0.2698491231709047,520,Super Stacker
2.212322831081376,0.7416218561664208,521,Lunch-Peak Specialist
-1.2544250902571177,1.4508507649864346,522,Full-time Workhorse
0.1863352408672383,-1.0049284476850011,523,Super Stacker
-2.100438114131892,1.3508194938979037,524,Super Stacker
-1.8511959692459623,-0.8026869731462118,525,Super Stacker
-2.358638277977091,0.6889454574166187,526,Super Stacker
-2.531617855604233,-0.4938974978964303,527,Super Stacker
-1.780035624662438,1.0548963919085084,528,Super Stacker
-0.59712370982901,1.1533929598472348,529,Full-time Workhorse
-2.445742597663971,-0.2517510798170925,530,Super Stacker
1.0950451001381565,0.3055723675353909,531,Full-time Workhorse
-1.579443372315496,0.3288387508970734,532,Full-time Workhorse
-2.017758677569655,1.2274181434821156,533,Super Stacker
3.7329105340354296,-0.6284426145361719,534,Lunch-Peak Specialist
-0.4732875627913967,-1.059033399802733,535,Super Stacker
0.0140331736642852,-1.256613392615889,536,Dinner-Peak Core
-1.770554211858079,1.4065850589622868,537,Full-time Workhorse
-1.0257374626999782,0.7569700015372635,538,Full-time Workhorse
-1.4963088975997942,-1.9528998919959395,539,Super Stacker
0.717664106737487,-1.9164611911356817,540,Dinner-Peak Core
0.5410184674110768,3.39257320739415,541,Full-time Workhorse
-0.1958873320431237,1.8464031418356912,542,Full-time Workhorse
0.033620621905107,0.3019329967287099,543,Full-time Workhorse
-0.9204513268719808,1.974978465325371,544,Full-time Workhorse
1.5378791154250149,-0.5345057873162229,545,Full-time Workhorse
3.3792156242310254,-1.4732401038284797,546,Lunch-Peak Specialist
-1.7058513598077487,0.1602937207853811,547,Super Stacker
6.254928955788637,-2.6040721942121348,548,Lunch-Peak Specialist
-0.0577921841937461,-0.0385958581751225,549,Full-time Workhorse
-0.3414288042370377,-1.9111005305816584,550,Super Stacker
-0.0656772044668227,-0.5358745743172834,551,Super Stacker
-0.6541801942461957,1.749206924757629,552,Full-time Workhorse
-2.196897059634938,-1.6472530068165685,553,Super Stacker
2.076903109280962,0.2814791880594653,554,Lunch-Peak Specialist
-1.025203979440048,-0.8214053380691506,555,Super Stacker
-0.0091655421234314,1.0370686180260804,556,Full-time Workhorse
-2.0381863218243272,1.0558891672263917,557,Full-time Workhorse
-2.3907807544176594,1.3535850066935082,558,Super Stacker
0.9328145981658,1.7565239337259169,559,Full-time Workhorse
-1.3912381686884547,1.004513070639814,560,Full-time Workhorse
-1.1516092479279043,1.9135506019223585,561,Full-time Workhorse
1.4490442240396657,0.8020083677594559,562,Full-time Workhorse
-0.6491268990371094,-0.0647453736332579,563,Full-time Workhorse
2.771615401293152,-0.603119421861828,564,Lunch-Peak Specialist
-2.9969237361174157,-1.0096715414463822,565,Super Stacker
0.110705755827623,0.6797432418665124,566,Full-time Workhorse
1.1517839582309586,-3.0838031398080803,567,Dinner-Peak Core
-1.2743823593972583,1.2011471535122276,568,Full-time Workhorse
-0.5920852020338832,-2.458468186537715,569,Dinner-Peak Core
2.0764056339760373,-1.171123596288893,570,Lunch-Peak Specialist
-0.7478998130233739,1.8687560759848791,571,Full-time Workhorse
-1.967545477814763,0.3433085546608661,572,Super Stacker
-1.8378911263125468,-1.7315677176861202,573,Super Stacker
-1.6430533301050283,1.4811699526144626,574,Super Stacker
-0.353233042195464,-0.049698366635714,575,Super Stacker
0.6328287722595903,0.4035083713922345,576,Full-time Workhorse
-2.226258725077638,-3.4699252669614857,577,Dinner-Peak Core
6.060971578458257,1.3639378316694113,578,Lunch-Peak Specialist
1.3356325848051005,-1.4483241507561904,579,Lunch-Peak Specialist
-1.3958960861461291,1.9072864314293945,580,Full-time Workhorse
0.3773623631031233,1.3599435686698411,581,Full-time Workhorse
-0.5156373425660208,-2.809638706038995,582,Dinner-Peak Core
0.9755313349520638,-0.8014030816002918,583,Dinner-Peak Core
-0.1113509296757028,1.5796398085219616,584,Full-time Workhorse
-1.7269127993106883,0.4193848926732633,585,Full-time Workhorse
-1.980190717419612,-3.1014103619836044,586,Super Stacker
-1.0634787410198916,0.2025665728282473,587,Super Stacker
0.566505745104308,0.2568884588144119,588,Full-time Workhorse
0.8797688608049817,0.2440203757561746,589,Full-time Workhorse
-1.1696176153565565,-0.3580131399938021,590,Super Stacker
-0.9247047454703003,1.3978494250416733,591,Full-time Workhorse
-0.8404227450878099,0.4668702396108314,592,Full-time Workhorse
-0.3873579880217994,1.2241858559050005,593,Full-time Workhorse
-0.112457298009919,0.4479180595673213,594,Full-time Workhorse
0.7932120835929818,0.1475645623004046,595,Full-time Workhorse
3.298165253319711,0.4141680190955679,596,Lunch-Peak Specialist
0.3393126153463557,-3.3187274166224356,597,Dinner-Peak Core
-2.248372281716105,0.0146914807334453,598,Super Stacker
-1.1444247845029485,1.186150291126466,599,Full-time Workhorse
3.200512202122216,0.5090131797800228,600,Lunch-Peak Specialist
-1.622003191179084,1.517268409329022,601,Full-time Workhorse
-2.004074809701883,0.9685236040524122,602,Super Stacker
-0.9847580957742256,0.1932716230725514,603,Full-time Workhorse
0.3477328332940403,0.3036225297948937,604,Full-time Workhorse
-2.1409319976695484,-0.6148491025264418,605,Super Stacker
-1.0557681143163362,1.6948449183867789,606,Full-time Workhorse
4.37699051275571,-0.6196761458001717,607,Lunch-Peak Specialist
-1.0930895754656778,0.1766647120948031,608,Full-time Workhorse
-0.9808046857770336,0.4072094666711814,609,Full-time Workhorse
-2.53443432085529,0.9560065126855396,610,Super Stacker
1.7794261443337611,-0.919205636733504,611,Lunch-Peak Specialist
4.981221078131904,2.512557679618639,612,Lunch-Peak Specialist
2.6660089176423867,-2.9551435275216185,613,Lunch-Peak Specialist
0.081705440010108,-2.546963512213215,614,Dinner-Peak Core
-2.589862633921168,0.1840949427072714,615,Super Stacker
0.8507619316105477,2.6009342139962213,616,Full-time Workhorse
1.5845904967395417,-0.7643233465097562,617,Dinner-Peak Core
-0.507425211907639,1.351878649313772,618,Full-time Workhorse
-0.7543731412181057,1.8180083376458065,619,Full-time Workhorse
-1.500208371971359,-1.600335783956342,620,Super Stacker
0.6565362028632217,-0.0082119401197379,621,Full-time Workhorse
-3.859898354799998,-2.6871200649470297,622,Super Stacker
2.7203064493303097,1.1501887352942486,623,Lunch-Peak Specialist
-1.275858794344292,0.6594843343883512,624,Full-time Workhorse
-3.1159248657896144,0.025345272268578,625,Super Stacker
0.500926687804066,0.8914111578992822,626,Full-time Workhorse
-0.7176552035754636,-1.2184237710502446,627,Super Stacker
-2.2557502163314207,-0.3368341270267759,628,Super Stacker
0.8664737425091488,1.1984289608630796,629,Full-time Workhorse
1.4335538880596082,1.2523317427635672,630,Full-time Workhorse
-2.1561396699708912,-2.5526816058644006,631,Dinner-Peak Core
-0.8694590275948839,0.3355543249478233,632,Full-time Workhorse
-2.1250478240340382,0.9177846739729906,633,Super Stacker
-1.729054582741629,0.2383206182943343,634,Super Stacker
-3.126640262926369,-1.5148712483078786,635,Super Stacker
-1.0730778328318271,0.149040602739701,636,Full-time Workhorse
-2.1760473961999978,-0.6211548534270153,637,Super Stacker
5.950134749893182,0.65022198702581,638,Lunch-Peak Specialist
0.3182562027287743,0.0335670289450896,639,Full-time Workhorse
-1.2877847943926832,-0.9696852541563612,640,Dinner-Peak Core
2.2461095591225835,0.7384207154786219,641,Lunch-Peak Specialist
-2.8185766358254267,-2.480614931908151,642,Super Stacker
-1.4862892054317045,-0.7386659793968798,643,Super Stacker
-2.2494596813334287,0.7881407785121703,644,Super Stacker
-0.7914228883476628,1.4832340817776095,645,Full-time Workhorse
-1.5493938444230215,1.2111222211234636,646,Full-time Workhorse
2.532956419393817,0.7191080662785455,647,Lunch-Peak Specialist
-0.3677327783343095,0.2848654870841228,648,Full-time Workhorse
-1.6240091769396217,-0.7798150507280303,649,Super Stacker
-0.2466688896662053,-2.4997458261325023,650,Dinner-Peak Core
-0.4125842221870477,-0.7878773004725668,651,Super Stacker
0.6044815655838629,-2.5817605595620456,652,Dinner-Peak Core
-1.7542025001374948,0.7269633982477645,653,Super Stacker
-0.6585190694602104,0.0149276700007351,654,Super Stacker
1.826230350239016,-0.0645880960852812,655,Lunch-Peak Specialist
-0.1296091368371152,1.8119289602767896,656,Full-time Workhorse
1.0553920432795216,1.9418613905658224,657,Full-time Workhorse
-2.4831900074742603,1.587388256158477,658,Full-time Workhorse
0.4239909220326733,-3.14826240674396,659,Dinner-Peak Core
-0.1201767338930518,-3.5514724921175618,660,Dinner-Peak Core
-0.9577612518816968,0.5602089457683113,661,Full-time Workhorse
-1.208012866917983,0.577999581379532,662,Full-time Workhorse
-0.5353656356810189,2.1005325989008745,663,Full-time Workhorse
0.8991317200604197,0.7186517923612318,664,Full-time Workhorse
2.541628397889123,2.545724424329945,665,Lunch-Peak Specialist
-0.7599248707745768,0.5882047273673898,666,Super Stacker
1.2290753742058895,1.4080778950455934,667,Full-time Workhorse
-2.1964789856549807,0.7957804629538908,668,Super Stacker
0.7414142328992884,1.5854113376653238,669,Full-time Workhorse
-0.4370136684817871,-1.0797108095549042,670,Super Stacker
0.3279313453897191,0.0047269824481043,671,Full-time Workhorse
-0.433344737967712,-1.059830851426964,672,Dinner-Peak Core
1.2414888589657629,0.0417470095592181,673,Full-time Workhorse
0.1048276623840804,1.9607940366208492,674,Full-time Workhorse
6.618203307897766,-0.4432857167878273,675,Lunch-Peak Specialist
-1.0834547116106554,1.69014711492652,676,Full-time Workhorse
-0.5705238230233742,1.8224017149728535,677,Full-time Workhorse
-3.7824879583317688,-1.5683545075514884,678,Super Stacker
4.540702116823676,0.3905905295853611,679,Lunch-Peak Specialist
0.0938820146674179,0.4656238629728813,680,Full-time Workhorse
-0.4834847195205844,0.6188826458104978,681,Full-time Workhorse
6.556017904272955,-0.5867256237350547,682,Lunch-Peak Specialist
1.7974525051457193,-0.3707146452214802,683,Lunch-Peak Specialist
1.3541532817672706,2.1180026302557855,684,Full-time Workhorse
-0.5762141486360753,-1.4514131933398868,685,Dinner-Peak Core
-0.2084281392306108,2.0758988478948974,686,Full-time Workhorse
0.5814584890510136,-0.8842147161433836,687,Dinner-Peak Core
3.7264768456498194,1.1924056499913778,688,Lunch-Peak Specialist
1.0853983466994268,1.1511263701292016,689,Full-time Workhorse
2.001654036176373,-0.018137996156714,690,Lunch-Peak Specialist
-1.199707313764779,0.2473594525506341,691,Super Stacker
0.880717582228306,0.2928124692451378,692,Full-time Workhorse
5.958173039674341,0.7727662397464187,693,Lunch-Peak Specialist
-0.9217655586053276,0.447961831744635,694,Full-time Workhorse
1.359003133296979,-2.2696150959885433,695,Dinner-Peak Core
0.1356636790620563,-0.9837045283835292,696,Super Stacker
-1.3476157740993602,-0.0059225906582491,697,Super Stacker
-1.8237386867708625,-0.3401235846355365,698,Super Stacker
-0.9386026245457564,0.4005592651454505,699,Full-time Workhorse
-2.34012295670809,-0.7095709947174702,700,Super Stacker
1.4027809054248697,0.6631474826661129,701,Full-time Workhorse
5.99813832529319,3.398634252797512,702,Lunch-Peak Specialist
1.63545166958312,-2.563688066915139,703,Dinner-Peak Core
-0.3874029781644528,0.4426704374121678,704,Full-time Workhorse
1.0441687125835457,-0.3956074476458619,705,Full-time Workhorse
-0.5275266396502126,1.3444750234584362,706,Full-time Workhorse
0.6123252495922614,-2.7800624671857808,707,Dinner-Peak Core
-1.4105866522157724,0.0041300654722382,708,Super Stacker
7.82107506858535,0.4448902040159199,709,Lunch-Peak Specialist
0.0559330543092308,1.9987961374404828,710,Full-time Workhorse
0.6959077190768794,1.8954628728364409,711,Full-time Workhorse
