model,rider_id,replica_id,persona_name,initial_lon,initial_lat,final_lon,final_lat,total_orders_completed,total_earnings,total_mileage_km,on_time_rate,decision_count
profit_baseline,1,1,Full-time Workhorse,116.64578241311276,39.90404052884896,116.662607,39.869926,14,75.0,72.293,0.6429,12
profit_baseline,2,2,Full-time Workhorse,116.63926115826732,40.13014749784881,116.621377,40.105836,11,63.0,54.243,0.8182,9
profit_baseline,3,3,Full-time Workhorse,116.4365896628278,39.924767014637645,116.442827,39.898926,31,130.0,126.29,0.3871,20
profit_baseline,4,4,Full-time Workhorse,116.485330595621,39.91624350710344,116.409617,39.896586,37,174.0,124.306,0.5946,27
profit_baseline,5,5,Full-time Workhorse,116.4781622871112,39.90991149126405,116.538857,39.910336,25,132.0,130.745,0.48,16
profit_baseline,6,6,Full-time Workhorse,116.26046614218956,40.0106958431112,116.290817,40.098346,26,120.0,108.613,0.5,14
profit_baseline,7,7,Full-time Workhorse,116.28247161220348,39.86196702276133,116.219127,39.874466,17,92.0,63.708,0.7647,14
profit_baseline,8,8,Full-time Workhorse,116.28252292470329,39.96613262965959,116.285487,39.841716,21,115.0,109.647,0.5238,12
profit_baseline,9,9,Full-time Workhorse,116.24385197580236,40.22432718787061,116.272827,40.205856,5,27.0,19.649,0.6,3
profit_baseline,10,10,Full-time Workhorse,116.29397282552146,39.84616580952642,116.265367,39.887046,27,132.0,100.68,0.8519,19
profit_baseline,11,11,Full-time Workhorse,116.18002515142896,39.92746406053657,116.194877,39.889816,22,116.0,97.063,0.5,12
profit_baseline,12,12,Full-time Workhorse,116.31205557705816,39.95318222970857,116.311817,39.923926,26,147.0,147.299,0.3462,14
profit_baseline,13,13,Full-time Workhorse,116.36009942904928,39.85343254902356,116.349517,39.875536,30,161.0,141.175,0.3333,17
profit_baseline,14,14,Full-time Workhorse,116.48794228923548,39.968293869290406,116.450537,39.997436,32,150.0,118.637,0.5312,21
profit_baseline,15,15,Full-time Workhorse,116.62757962227036,39.903080640462555,116.627027,39.900186,19,87.0,77.208,0.6842,11
profit_baseline,16,1,Lunch-Peak Specialist,116.4698128830422,39.99225254742957,116.478357,39.969436,26,145.0,130.602,0.4615,17
profit_baseline,17,2,Lunch-Peak Specialist,116.3712982262789,39.95420210323273,116.421827,39.927066,33,160.0,136.622,0.303,20
profit_baseline,18,3,Lunch-Peak Specialist,116.33380538061478,39.88987496118725,116.274687,39.814566,12,67.0,69.638,0.5,10
profit_baseline,19,4,Lunch-Peak Specialist,116.32644314699482,39.72020665696853,116.344157,39.735506,21,115.0,92.645,0.8095,19
profit_baseline,20,5,Lunch-Peak Specialist,116.28982777319806,40.041923358755994,116.315917,40.027736,28,148.0,102.332,0.5714,19
profit_baseline,21,6,Lunch-Peak Specialist,116.33421250500837,40.090508839342725,116.329977,40.081436,28,154.0,121.694,0.4643,18
profit_baseline,22,7,Lunch-Peak Specialist,116.33163775837038,39.993355924765616,116.328837,39.978846,34,175.0,123.532,0.6471,19
profit_baseline,23,8,Lunch-Peak Specialist,116.4190411909947,39.98716229880512,116.411537,39.981906,33,160.0,135.18,0.4242,20
profit_baseline,24,9,Lunch-Peak Specialist,116.308012273288,39.99123541196301,116.351727,40.000836,26,129.0,129.92,0.4231,17
profit_baseline,25,10,Lunch-Peak Specialist,116.45310948705205,39.86804947981572,116.494707,39.893316,32,151.0,135.132,0.375,20
profit_baseline,26,11,Lunch-Peak Specialist,116.495342434205,39.91322286731269,116.47248700000002,39.913706,31,144.0,143.53,0.6452,19
profit_baseline,27,12,Lunch-Peak Specialist,116.3949546546036,39.95867986368971,116.421797,40.046346,30,166.0,128.2,0.5667,19
profit_baseline,28,13,Lunch-Peak Specialist,116.33039179357638,39.983610790124864,116.360957,39.989586,32,177.0,140.145,0.375,19
profit_baseline,29,14,Lunch-Peak Specialist,116.32169802949484,39.766307343665034,116.360027,39.733296,8,40.0,33.568,0.875,10
profit_baseline,30,15,Lunch-Peak Specialist,116.5332987424228,40.03526471527125,116.490817,40.007546,21,123.0,85.042,0.7619,14
profit_baseline,31,1,Super Stacker,116.35224031764518,40.03391963694484,116.364877,39.996726,29,144.0,125.308,0.4828,17
profit_baseline,32,2,Super Stacker,116.54820825223794,39.79318185311032,116.542917,39.787316,16,81.0,55.758,0.9375,9
profit_baseline,33,3,Super Stacker,116.64507436240312,39.88933105636093,116.687077,39.904456,23,120.0,129.302,0.6957,16
profit_baseline,34,4,Super Stacker,116.3022511488719,40.03665334476173,116.221177,40.071456,31,175.0,129.035,0.5806,22
profit_baseline,35,5,Super Stacker,116.3571511942862,39.923487678548426,116.357577,39.865516,33,173.0,151.593,0.3333,17
profit_baseline,36,6,Super Stacker,116.35066387768782,40.07061462100943,116.357147,40.085476,35,197.0,125.855,0.7429,21
profit_baseline,37,7,Super Stacker,116.39964765852874,39.96301609339544,116.472407,39.969096,28,141.0,150.78,0.5,16
profit_baseline,38,8,Super Stacker,116.45666349689448,39.88386083635937,116.511307,39.914766,35,150.0,133.353,0.3714,22
profit_baseline,39,9,Super Stacker,116.3286325912458,39.99181855131847,116.266627,40.065406,17,100.0,90.996,0.4118,14
profit_baseline,40,10,Super Stacker,116.26608072848458,39.88098047045738,116.219287,39.926376,19,102.0,88.859,0.5263,12
profit_baseline,41,11,Super Stacker,116.31766720551612,40.02767893403345,116.313027,40.071556,26,147.0,117.772,0.5769,19
profit_baseline,42,12,Super Stacker,116.319292894636,39.96374020198299,116.258577,40.049746,31,188.0,134.094,0.5806,17
profit_baseline,43,13,Super Stacker,116.44852434335974,39.97869346409178,116.391197,39.934806,36,186.0,141.224,0.4722,21
profit_baseline,44,14,Super Stacker,116.36485020707904,39.839736416780575,116.324467,39.818476,9,55.0,42.344,1.0,5
profit_baseline,45,15,Super Stacker,116.40692054581608,39.963294287598806,116.400267,39.946756,37,180.0,141.4,0.3243,19
profit_baseline,46,1,Dinner-Peak Core,116.47874337276596,39.90938552896919,116.394877,39.855966,30,149.0,124.305,0.5667,21
profit_baseline,47,2,Dinner-Peak Core,116.1149706441522,39.73351690431452,116.172857,39.734716,29,129.0,104.963,0.7586,18
profit_baseline,48,3,Dinner-Peak Core,116.3178552499794,39.89008601504947,116.344517,39.840256,28,154.0,140.21,0.1429,16
profit_baseline,49,4,Dinner-Peak Core,116.289464392853,39.98533964570184,116.306287,39.987856,31,160.0,131.982,0.5161,21
profit_baseline,50,5,Dinner-Peak Core,116.47746351502772,39.921399563070494,116.461997,39.887106,30,135.0,117.375,0.3333,21
profit_baseline,51,6,Dinner-Peak Core,116.36336876130412,39.940788144602955,116.370577,39.954266,32,156.0,145.758,0.1875,17
profit_baseline,52,7,Dinner-Peak Core,116.5477012845881,40.00354852177472,116.564987,40.005176,7,24.0,18.714,1.0,6
profit_baseline,53,8,Dinner-Peak Core,116.31352704949832,39.76861065941259,116.303717,39.710136,18,87.0,75.938,0.7222,13
profit_baseline,54,9,Dinner-Peak Core,116.16248377669804,39.72072032198941,116.146877,39.763156,18,99.0,86.553,0.6667,12
profit_baseline,55,10,Dinner-Peak Core,116.48294501024463,39.79751472601215,116.545347,39.827026,7,40.0,25.146,1.0,6
profit_baseline,56,11,Dinner-Peak Core,115.9633011890539,40.46070532712199,115.948907,40.429596,2,20.0,8.678,1.0,1
profit_baseline,57,12,Dinner-Peak Core,116.41869940437311,39.90818324999203,116.404037,39.956116,37,187.0,123.676,0.5135,20
profit_baseline,58,13,Dinner-Peak Core,116.49693044141576,39.97171591203384,116.466787,39.915836,30,141.0,117.792,0.3667,19
profit_baseline,59,14,Dinner-Peak Core,116.44550110741513,39.94652687923112,116.594917,39.912076,33,185.0,135.048,0.4848,18
profit_baseline,60,15,Dinner-Peak Core,116.29891901160998,39.98388109203116,116.443977,39.947896,33,157.0,128.87,0.5152,25
